{"brokenpowerlaw.refer": 5690.031313838883, "brokenpowerlaw.ampl": 37.595620396736585, "brokenpowerlaw.index1": -1.7948661813840965, "brokenpowerlaw.index2": -0.9797351943824123, "br.amp_Hd_4102": 7.698059972556585, "br.amp_Hg_4340": 21.043279379196925, "br.amp_Hb_4861": 54.88563262661564, "br.amp_Ha_6563": 2.098478616018205, "br.offs_kms": 453.7406588890707, "br.fwhm": 4748.915562500554, "nr_OIII5007.ampl": 30.85773353832346, "nr_OIII5007.offs_kms": 0.024785030517984998, "nr_OIII5007.fwhm": 1197.0949362280503, "nr_NII6584.ampl": 4.961022691922372, "nr_[OIII]_4363.ampl": 6.157321178581222, "nr_[OI]_6300.ampl": 2.0742324119005033, "nr_[OI]_6363.ampl": 2.0638201466851247, "nr_[SII]_6716.ampl": 2.053007409730692, "nr_[SII]_6730.ampl": 2.0417787982780116, "nr_[OII]_7330.ampl": 2.0301183171540735, "nr_Hd_4101.ampl": 0.9734747799585673, "nr_Hg_4340.ampl": 0.019487975767422464, "nr_Hb_4861.ampl": 0.016421628467605066, "nr_Ha_6562.ampl": 2.018009355986907, "feii.amp_a2D2": 1.9538424037948472, "feii.amp_a4G": 4.181017244689246, "feii.amp_a4H": 1.8090418578186558, "feii.amp_a6S": 6.195036244800843, "feii.amp_b2H": 0.014748909254097296, "feii.amp_b4D": 2.00543466554408, "feii.amp_b4F": 5.905246428663231, "feii.amp_b4P": 2.657689663530835, "feii.amp_e4D": 1.9923763331611477, "feii.amp_e6D": 1.9788157572250225, "feii.amp_z4D": 1.9647336206759713, "feii.amp_z4F": 1.950109863490414, "feii.amp_z4P": 1.9349236541054178, "feii.amp_y4G": 2.046440728677231, "feii.amp_b4G": 0.010224217840443806, "feii.amp_x4D": 2.242724065972662, "feii.amp_y4P": 3.6608698829526967, "feii.offs_kms": 1321.6480312914618, "feii.fwhm": 1998.6179595978838, "he.amp_HeI_4144": 0.011060736698442205, "he.amp_HeI_4471": 4.656357374088378, "he.amp_HeII_4686": 1.0630646603185072, "he.amp_HeI_5877": 584.3918508480283, "he.amp_HeI_7065": 1.9191533597440735, "he.amp_HeI_7281": 1.902776515599599, "he.amp_HeI_7816": 1.8857697928341832, "he.offs_kms": 1539.5113551614916, "he.fwhm": 2779.6959363913343}